"Position","Address","Description","Price","Thumbnail","Thumbnail2","Thumbnail3","Thumbnail4","ListingUrl"
1,"East Dulwich Road, London SE22","Well presented two bed two bath second floor apartment located opposite Goose Green within short walking distance to Lordship Lane, and East Dulwich and Peckham Rye Train Stations. Comprising of two double bedrooms, two bathrooms, a large open plan kitchen-living space and a private balcony...","£2,000 pcm","https://media.rightmove.co.uk:443/dir/crop/10:9-16:9/84k/83579/133922030/83579_6192519_IMG_00_0000_max_476x317.jpeg",,,"https://media.rightmove.co.uk:443/dir/crop/10:9-16:9/84k/83579/133922030/83579_6192519_IMG_00_0000_max_476x317.jpeg","https://www.rightmove.co.uk/properties/133922030#/?channel=RES_LET"
2,"Queen Victoria Terrace, Sovereign Court, Jewel Square, Wapping, London, E1W","2 bedroom flat available to rent in Sovereign Court, Wapping, E1W Managed by Knight Frank, comes this modern 2 bedroom apartment available for rent. The apartments has been finished to a high standard with; modern bathroom, fully integrated kitchen, under floor heating and storage space. This pr...","£1,950 pcm",,"https://media.rightmove.co.uk:443/dir/crop/10:9-16:9/66k/65911/134007989/65911_WAQ012360956_IMG_00_0000_max_476x317.jpeg","https://media.rightmove.co.uk:443/dir/crop/10:9-16:9/66k/65911/134007989/65911_WAQ012360956_IMG_00_0000_max_476x317.jpeg","https://media.rightmove.co.uk:443/dir/crop/10:9-16:9/66k/65911/134007989/65911_WAQ012360956_IMG_00_0000_max_476x317.jpeg","https://www.rightmove.co.uk/properties/134007989#/?channel=RES_LET"
3,"Brighton Road, London, N16","This immaculate, newly refurbished two bedroom split level maisonette is set in a converted Victorian house, with many period features including original fire place. With an uncompromising approach to the refurbishment and decoration the accommodation comprises a larger than average r...","£2,000 pcm",,"https://media.rightmove.co.uk:443/dir/crop/10:9-16:9/75k/74963/104639189/74963_HAC180119_L_IMG_00_0001_max_476x317.jpeg","https://media.rightmove.co.uk:443/dir/crop/10:9-16:9/75k/74963/104639189/74963_HAC180119_L_IMG_00_0001_max_476x317.jpeg","https://media.rightmove.co.uk:443/dir/crop/10:9-16:9/75k/74963/104639189/74963_HAC180119_L_IMG_00_0001_max_476x317.jpeg","https://www.rightmove.co.uk/properties/104639189#/?channel=RES_LET"
4,"Cadnam Lodge, London, E14","No agency, private landlord, previous tenants’ references available upon request.A light and airy two double bedroom apartment on the third floor of this low-rise development on a private cul-de-s... ** Property Reference: 1671520 **","£1,750 pcm",,"https://media.rightmove.co.uk:443/dir/crop/10:9-16:9/97k/96668/134007443/96668_167152004042023_IMG_00_0000_max_476x317.jpeg","https://media.rightmove.co.uk:443/dir/crop/10:9-16:9/97k/96668/134007443/96668_167152004042023_IMG_00_0000_max_476x317.jpeg","https://media.rightmove.co.uk:443/dir/crop/10:9-16:9/97k/96668/134007443/96668_167152004042023_IMG_00_0000_max_476x317.jpeg","https://www.rightmove.co.uk/properties/134007443#/?channel=RES_LET"
5,"Queen Victoria Terrace, Sovereign Court, Wapping","ea2 are pleased to offer for rent this stunning 2 double bedroom apartment on the 2nd floor of a newly refurbished development on the top of Wapping Lane and near the Tobacco Dock, Sovereign Court. Available 28/04. Parking available at £25 p/week. The apartment is finished to a high standard with...","£1,950 pcm",,"https://media.rightmove.co.uk:443/dir/crop/10:9-16:9/11k/10387/134007431/10387_30928488_IMG_00_0000_max_476x317.jpeg","https://media.rightmove.co.uk:443/dir/crop/10:9-16:9/11k/10387/134007431/10387_30928488_IMG_00_0000_max_476x317.jpeg","https://media.rightmove.co.uk:443/dir/crop/10:9-16:9/11k/10387/134007431/10387_30928488_IMG_00_0000_max_476x317.jpeg","https://www.rightmove.co.uk/properties/134007431#/?channel=RES_LET"
6,"Balham Park Road, Balham, SW12","Lauristons are delighted to present this spacious period two-bedroom apartment in central Balham. This lovely property boasts a large and bright living room, two good size double bedroom, a separate fully fitted kitchen and a tiled bathroom. The property benefits from double-glazed win...","£1,700 pcm","https://media.rightmove.co.uk:443/dir/crop/10:9-16:9/90k/89333/134005916/89333_LBA180565_L_IMG_00_0000_max_476x317.jpeg",,,,"https://www.rightmove.co.uk/properties/134005916#/?channel=RES_LET"
7,"George Lane, London, SE13","Looking for a spacious and bright flat to rent? Look no further than this recently refurbished gem with 2 spacious double bedrooms in Hither Green Featuring a modern kitchen and bathroom that were... ** Property Reference: 1687483 **","£1,850 pcm",,"https://media.rightmove.co.uk:443/dir/crop/10:9-16:9/97k/96668/134003237/96668_168748323042023_IMG_00_0000_max_476x317.jpeg","https://media.rightmove.co.uk:443/dir/crop/10:9-16:9/97k/96668/134003237/96668_168748323042023_IMG_00_0000_max_476x317.jpeg","https://media.rightmove.co.uk:443/dir/crop/10:9-16:9/97k/96668/134003237/96668_168748323042023_IMG_00_0000_max_476x317.jpeg","https://www.rightmove.co.uk/properties/134003237#/?channel=RES_LET"
8,"Gerry Raffles Square, London, E15","Stylish 2bed 2bath flat located 5min walk from Stratford station (Central, Jubilee, Elizabeth, DLR, overground, and rail). <10min to Liverpool street or Canary Wharf. 6min high speed train to K... ** Property Reference: 1680977 **","£1,900 pcm",,"https://media.rightmove.co.uk:443/dir/crop/10:9-16:9/97k/96668/134002199/96668_168097716042023_IMG_00_0000_max_476x317.jpeg","https://media.rightmove.co.uk:443/dir/crop/10:9-16:9/97k/96668/134002199/96668_168097716042023_IMG_00_0000_max_476x317.jpeg","https://media.rightmove.co.uk:443/dir/crop/10:9-16:9/97k/96668/134002199/96668_168097716042023_IMG_00_0000_max_476x317.jpeg","https://www.rightmove.co.uk/properties/134002199#/?channel=RES_LET"
9,"Barclay Road, E11","**NO DEPOSIT OPTION AVAILABLE** ***NO DEPOSIT OPTION IS AVAILABLE*** - IDEAL PROPERTY FOR FAMILY","£1,600 pcm",,,,"https://media.rightmove.co.uk:443/dir/crop/10:9-16:9/106k/105353/134001827/105353_0456_HRT045600654_IMG_00_0000_max_476x317.jpeg","https://www.rightmove.co.uk/properties/134001827#/?channel=RES_LET"
10,"Sandwich House, London, WC1H","Sinclair House - Sandwich Street - London WC1H Flat with Spectacular ROOF TERRACE === Available from 1 August 2023 == A modern second floor flat in Sandwich House, Sandwich Street. Available f... ** Property Reference: 1687410 **","£1,975 pcm",,"https://media.rightmove.co.uk:443/dir/crop/10:9-16:9/97k/96668/134000720/96668_168741023042023_IMG_00_0000_max_476x317.jpeg","https://media.rightmove.co.uk:443/dir/crop/10:9-16:9/97k/96668/134000720/96668_168741023042023_IMG_00_0000_max_476x317.jpeg","https://media.rightmove.co.uk:443/dir/crop/10:9-16:9/97k/96668/134000720/96668_168741023042023_IMG_00_0000_max_476x317.jpeg","https://www.rightmove.co.uk/properties/134000720#/?channel=RES_LET"
11,"Sydney Road, Abbey Wood, SE2","This stunning two bedroom apartment has been recently renovated and is located on Sydney Road. Offering 1,063 Sq. Ft of internal space, the property has been modernised and offers an abundance of natural light throughout. Comprising a bright, spacious living space with skylight and a st...","£1,850 pcm",,"https://media.rightmove.co.uk:443/dir/crop/10:9-16:9/182k/181718/134000510/181718_32273647_IMG_00_0000_max_476x317.jpeg","https://media.rightmove.co.uk:443/dir/crop/10:9-16:9/182k/181718/134000510/181718_32273647_IMG_00_0000_max_476x317.jpeg","https://media.rightmove.co.uk:443/dir/crop/10:9-16:9/182k/181718/134000510/181718_32273647_IMG_00_0000_max_476x317.jpeg","https://www.rightmove.co.uk/properties/134000510#/?channel=RES_LET"
12,"Moremead Road, London, SE6","Lower Sydenham 2 bedroom first floor maisonette for rent immediately with own garden (Moremead Road SE6) - 5 minute walk to Lower Sydenham Station with direct connections to London Bridge, Chari... ** Property Reference: 1681046 **","£1,450 pcm",,"https://media.rightmove.co.uk:443/dir/crop/10:9-16:9/97k/96668/133999802/96668_168104616042023_IMG_00_0000_max_476x317.jpeg","https://media.rightmove.co.uk:443/dir/crop/10:9-16:9/97k/96668/133999802/96668_168104616042023_IMG_00_0000_max_476x317.jpeg","https://media.rightmove.co.uk:443/dir/crop/10:9-16:9/97k/96668/133999802/96668_168104616042023_IMG_00_0000_max_476x317.jpeg","https://www.rightmove.co.uk/properties/133999802#/?channel=RES_LET"
13,"Dalton House, London, SW12","This beautifully presented, recently refurbished 2-bedroom flat is on the 2nd floor of an art deco style building, Dalton House. It is ideally located between Clapham South and Balham stations. Th... ** Property Reference: 1687296 **","£2,000 pcm",,"https://media.rightmove.co.uk:443/dir/crop/10:9-16:9/97k/96668/133999787/96668_168729623042023_IMG_00_0000_max_476x317.jpeg","https://media.rightmove.co.uk:443/dir/crop/10:9-16:9/97k/96668/133999787/96668_168729623042023_IMG_00_0000_max_476x317.jpeg","https://media.rightmove.co.uk:443/dir/crop/10:9-16:9/97k/96668/133999787/96668_168729623042023_IMG_00_0000_max_476x317.jpeg","https://www.rightmove.co.uk/properties/133999787#/?channel=RES_LET"
14,"Church Road,Hanwell,W7","We are pleased to offer this recently renovated two bedroom flat with garden in Hanwell. The property is located on a lower ground floor. Comprises of one double and one single bedroom, open plan kitchen living area and bathroom with a cubic shower. Further benefits including wooden flooring...","£1,750 pcm",,"https://media.rightmove.co.uk:443/dir/crop/10:9-16:9/163k/162716/133082210/162716_538_IMG_11_0000_max_476x317.jpeg","https://media.rightmove.co.uk:443/dir/crop/10:9-16:9/163k/162716/133082210/162716_538_IMG_11_0000_max_476x317.jpeg","https://media.rightmove.co.uk:443/dir/crop/10:9-16:9/163k/162716/133082210/162716_538_IMG_11_0000_max_476x317.jpeg","https://www.rightmove.co.uk/properties/133082210#/?channel=RES_LET"
15,"Finchley Road, NW3","ZERO DEPOSIT OPTION AVAILABLE: An exceptionally spacious top floor flat with large bedrooms, separate kitchen and two bathrooms","£2,000 pcm",,"https://media.rightmove.co.uk:443/dir/crop/10:9-16:9/248k/247487/133997687/247487_P284717_IMG_00_0000_max_476x317.jpeg","https://media.rightmove.co.uk:443/dir/crop/10:9-16:9/248k/247487/133997687/247487_P284717_IMG_00_0000_max_476x317.jpeg","https://media.rightmove.co.uk:443/dir/crop/10:9-16:9/248k/247487/133997687/247487_P284717_IMG_00_0000_max_476x317.jpeg","https://www.rightmove.co.uk/properties/133997687#/?channel=RES_LET"
16,"Highfield Avenue, London, NW11","We are proud to offer this gorgeous peaceful 2 bedroom flat, with spacious living room, in a prime location. Available to move from May 15th, this newly refurbished property benefits from an abun... ** Property Reference: 1687065 **","£1,690 pcm",,"https://media.rightmove.co.uk:443/dir/crop/10:9-16:9/97k/96668/133997435/96668_168706523042023_IMG_00_0000_max_476x317.jpeg","https://media.rightmove.co.uk:443/dir/crop/10:9-16:9/97k/96668/133997435/96668_168706523042023_IMG_00_0000_max_476x317.jpeg","https://media.rightmove.co.uk:443/dir/crop/10:9-16:9/97k/96668/133997435/96668_168706523042023_IMG_00_0000_max_476x317.jpeg","https://www.rightmove.co.uk/properties/133997435#/?channel=RES_LET"
17,"Lambert Road, Brixton Hill, SW2","BRIXTON HILL LOCATION! A newly decorated two bedroom ground floor conversion flat situated in a large period property","£2,000 pcm",,"https://media.rightmove.co.uk:443/dir/crop/10:9-16:9/32k/31313/133996568/31313_CRNO_004256_IMG_00_0000_max_476x317.jpeg","https://media.rightmove.co.uk:443/dir/crop/10:9-16:9/32k/31313/133996568/31313_CRNO_004256_IMG_00_0000_max_476x317.jpeg","https://media.rightmove.co.uk:443/dir/crop/10:9-16:9/32k/31313/133996568/31313_CRNO_004256_IMG_00_0000_max_476x317.jpeg","https://www.rightmove.co.uk/properties/133996568#/?channel=RES_LET"
18,"Top Floor Flat, Thicket Road, Anerley, SE20","EXCELLENT TRANSPORT LINKS & CLOSE TO PARK! Cray & Norton are delighted to present this two bedroom top floor flat.","£1,700 pcm",,"https://media.rightmove.co.uk:443/dir/crop/10:9-16:9/32k/31313/133996571/31313_CRNO_004257_IMG_00_0000_max_476x317.png","https://media.rightmove.co.uk:443/dir/crop/10:9-16:9/32k/31313/133996571/31313_CRNO_004257_IMG_00_0000_max_476x317.png","https://media.rightmove.co.uk:443/dir/crop/10:9-16:9/32k/31313/133996571/31313_CRNO_004257_IMG_00_0000_max_476x317.png","https://www.rightmove.co.uk/properties/133996571#/?channel=RES_LET"
19,"Devonshire House, London, E14","Available immediately, this spacious, bright and well kept 2BD flat located in a former pub building (6 modern flats, 3 of which are owner occupied; communal areas cleaned weekly) boasting modern... ** Property Reference: 1686953 **","£1,750 pcm",,"https://media.rightmove.co.uk:443/dir/crop/10:9-16:9/97k/96668/133993469/96668_168695322042023_IMG_00_0000_max_476x317.jpeg","https://media.rightmove.co.uk:443/dir/crop/10:9-16:9/97k/96668/133993469/96668_168695322042023_IMG_00_0000_max_476x317.jpeg","https://media.rightmove.co.uk:443/dir/crop/10:9-16:9/97k/96668/133993469/96668_168695322042023_IMG_00_0000_max_476x317.jpeg","https://www.rightmove.co.uk/properties/133993469#/?channel=RES_LET"
20,"Simms Gardens, London, N2","literally lovely and clean flat 2nd (top) floor, built in year 2000 ample residential parking secure bike storage walking distance (16 min) to tube (East Finchley station Zone 3) or 2 min walk... ** Property Reference: 1655673 **","£1,650 pcm",,"https://media.rightmove.co.uk:443/dir/crop/10:9-16:9/97k/96668/132710057/96668_165567317032023_IMG_00_0000_max_476x317.jpeg","https://media.rightmove.co.uk:443/dir/crop/10:9-16:9/97k/96668/132710057/96668_165567317032023_IMG_00_0000_max_476x317.jpeg","https://media.rightmove.co.uk:443/dir/crop/10:9-16:9/97k/96668/132710057/96668_165567317032023_IMG_00_0000_max_476x317.jpeg","https://www.rightmove.co.uk/properties/132710057#/?channel=RES_LET"
21,"Ashvale Road, London, SW17","2 bed flat with private roof terrace, 2 mins from tubeOnly 2 minutes walk from Tooting Broadway tube station (on Northern line which will take you to Balham, Clapham, Colliers Wood, Wimbledon etc)... ** Property Reference: 1686837 **","£2,000 pcm",,"https://media.rightmove.co.uk:443/dir/crop/10:9-16:9/97k/96668/133991603/96668_168683722042023_IMG_00_0000_max_476x317.jpeg","https://media.rightmove.co.uk:443/dir/crop/10:9-16:9/97k/96668/133991603/96668_168683722042023_IMG_00_0000_max_476x317.jpeg","https://media.rightmove.co.uk:443/dir/crop/10:9-16:9/97k/96668/133991603/96668_168683722042023_IMG_00_0000_max_476x317.jpeg","https://www.rightmove.co.uk/properties/133991603#/?channel=RES_LET"
22,"Queen Mary Avenue, London, E18","· Luxury Gated Development· Stunning Location· Central Line Zone 4· Concierge Services· Set In Over 9 AcresBright spacious two bedroom two bathroom apartment in... ** Property Reference: 1673365 **","£1,950 pcm",,"https://media.rightmove.co.uk:443/dir/crop/10:9-16:9/97k/96668/133991402/96668_167336506042023_IMG_00_0000_max_476x317.jpeg","https://media.rightmove.co.uk:443/dir/crop/10:9-16:9/97k/96668/133991402/96668_167336506042023_IMG_00_0000_max_476x317.jpeg","https://media.rightmove.co.uk:443/dir/crop/10:9-16:9/97k/96668/133991402/96668_167336506042023_IMG_00_0000_max_476x317.jpeg","https://www.rightmove.co.uk/properties/133991402#/?channel=RES_LET"
23,"Hillboro Court, South Woodford, E18","**NO DEPOSIT OPTION AVAILABLE** A Rare Find... - Call haart Lettings South Woodford today to book an accompanied viewing.","£1,700 pcm",,"https://media.rightmove.co.uk:443/dir/crop/10:9-16:9/12k/11465/133991387/11465_0421_HRT042101515_IMG_00_0000_max_476x317.jpeg","https://media.rightmove.co.uk:443/dir/crop/10:9-16:9/12k/11465/133991387/11465_0421_HRT042101515_IMG_00_0000_max_476x317.jpeg","https://media.rightmove.co.uk:443/dir/crop/10:9-16:9/12k/11465/133991387/11465_0421_HRT042101515_IMG_00_0000_max_476x317.jpeg","https://www.rightmove.co.uk/properties/133991387#/?channel=RES_LET"
24,"Page Court, Page Street, Mill Hill, NW7","Cosway Estates are pleased to offer for rent this brand new spacious two bedroom ground floor maisonette in Mill Hill which has been refurbished to a very high standard. This property comprises of a separate brand new modern fitted kitchen; spacious living room; brand new bathroom and two bedroom...","£1,600 pcm",,"https://media.rightmove.co.uk:443/dir/crop/10:9-16:9/10k/9970/133989299/9970_32273470_IMG_00_0000_max_476x317.jpeg","https://media.rightmove.co.uk:443/dir/crop/10:9-16:9/10k/9970/133989299/9970_32273470_IMG_00_0000_max_476x317.jpeg","https://media.rightmove.co.uk:443/dir/crop/10:9-16:9/10k/9970/133989299/9970_32273470_IMG_00_0000_max_476x317.jpeg","https://www.rightmove.co.uk/properties/133989299#/?channel=RES_LET"
25,"Windsor Road, Willesden, London","Empire Estates are pleased to present this recently refurbished and well presented two bedroom first floor flat in Willesden Green. The property comprises of a large separate living room, two double bedrooms, family bathroom and separate fitted kitchen. Further benefits include double glazing and...","£1,950 pcm",,"https://media.rightmove.co.uk:443/dir/crop/10:9-16:9/238k/237251/133988543/237251_102658001797_IMG_00_0000_max_476x317.jpeg","https://media.rightmove.co.uk:443/dir/crop/10:9-16:9/238k/237251/133988543/237251_102658001797_IMG_00_0000_max_476x317.jpeg","https://media.rightmove.co.uk:443/dir/crop/10:9-16:9/238k/237251/133988543/237251_102658001797_IMG_00_0000_max_476x317.jpeg","https://www.rightmove.co.uk/properties/133988543#/?channel=RES_LET"
26,"Windsor Road, Willesden, London","Empire Estates are pleased to present this recently refurbished and well presented two bedroom first floor flat in Willesden Green. The property comprises of a large separate living room, two double bedrooms, family bathroom and separate fitted kitchen. Further benefits include double glazing and...","£1,950 pcm",,"https://media.rightmove.co.uk:443/dir/crop/10:9-16:9/238k/237251/133988543/237251_102658001797_IMG_00_0000_max_476x317.jpeg","https://media.rightmove.co.uk:443/dir/crop/10:9-16:9/238k/237251/133988543/237251_102658001797_IMG_00_0000_max_476x317.jpeg","https://media.rightmove.co.uk:443/dir/crop/10:9-16:9/238k/237251/133988543/237251_102658001797_IMG_00_0000_max_476x317.jpeg","https://www.rightmove.co.uk/properties/133988543#/?channel=RES_LET"
27,"Argyle Road, Ealing, London, W13","A very spacious and well presented first floor conversion flat situated in this popular residential area close to West Ealing Mainline station.   The property benefits from two double bedrooms, separate modern fitted kitchen, wood flooring and communal gardens.  Available furnished fr...","£1,750 pcm","https://media.rightmove.co.uk:443/dir/crop/10:9-16:9/6k/5252/133712333/5252_EL17294_IMG_00_0000_max_476x317.jpeg",,,"https://media.rightmove.co.uk:443/dir/crop/10:9-16:9/6k/5252/133712333/5252_EL17294_IMG_00_0000_max_476x317.jpeg","https://www.rightmove.co.uk/properties/133712333#/?channel=RES_LET"
28,"Baker Street, Enfield","P M Estates are pleased to offer this highly sought after 2 DOUBLE bed P/B flat situated in prime location just 10 mins walk from Enfield Town B.R & vast array of shops, restaurants & amenities & within the catchment for many desirable local schools","£1,550 pcm",,"https://media.rightmove.co.uk:443/dir/crop/10:9-16:9/26k/25176/133987571/25176_1430_IMG_00_0000_max_476x317.jpeg","https://media.rightmove.co.uk:443/dir/crop/10:9-16:9/26k/25176/133987571/25176_1430_IMG_00_0000_max_476x317.jpeg","https://media.rightmove.co.uk:443/dir/crop/10:9-16:9/26k/25176/133987571/25176_1430_IMG_00_0000_max_476x317.jpeg","https://www.rightmove.co.uk/properties/133987571#/?channel=RES_LET"
29,"Garratt Lane, London","Looking for a spacious and inviting home in the heart of Earlsfield? This first floor flat is the perfect fit for you! Situated just moments away from Earlsfield Station and all the local amenities on Garratt Lane, this property offers unbeatable convenience and comfort. Step inside and ...","£1,900 pcm",,"https://media.rightmove.co.uk:443/dir/crop/10:9-16:9/43k/42021/133986470/42021_31829939_IMG_00_0000_max_476x317.jpeg","https://media.rightmove.co.uk:443/dir/crop/10:9-16:9/43k/42021/133986470/42021_31829939_IMG_00_0000_max_476x317.jpeg","https://media.rightmove.co.uk:443/dir/crop/10:9-16:9/43k/42021/133986470/42021_31829939_IMG_00_0000_max_476x317.jpeg","https://www.rightmove.co.uk/properties/133986470#/?channel=RES_LET"
30,"Penwith Road Earlsfield London","Looking for a charming and conveniently located rental with plenty of space? Look no further than this lovely first floor period maisonette! Situated on a highly desirable road, just moments away from Earlsfield Mainline Station and the vibrant bars and restaurants on Garratt Lane, this property ...","£1,750 pcm",,"https://media.rightmove.co.uk:443/dir/crop/10:9-16:9/43k/42021/133986347/42021_30523102_IMG_00_0000_max_476x317.jpeg","https://media.rightmove.co.uk:443/dir/crop/10:9-16:9/43k/42021/133986347/42021_30523102_IMG_00_0000_max_476x317.jpeg","https://media.rightmove.co.uk:443/dir/crop/10:9-16:9/43k/42021/133986347/42021_30523102_IMG_00_0000_max_476x317.jpeg","https://www.rightmove.co.uk/properties/133986347#/?channel=RES_LET"
31,"Beatrice Lodge, Alexandra Grove, Finchley,  N12","Redac Strattons are pleased to introduce this very spacious, two bedroom well-kept furnished apartment which is well situated within walking distance of shops and transport. This 2nd floor flat offers ample living space with a spacious lounge and separate kitchen with breakfast area. The prope...","£1,900 pcm",,"https://media.rightmove.co.uk:443/dir/crop/10:9-16:9/192k/191426/133985636/191426_2586488_IMG_00_0000_max_476x317.jpeg","https://media.rightmove.co.uk:443/dir/crop/10:9-16:9/192k/191426/133985636/191426_2586488_IMG_00_0000_max_476x317.jpeg","https://media.rightmove.co.uk:443/dir/crop/10:9-16:9/192k/191426/133985636/191426_2586488_IMG_00_0000_max_476x317.jpeg","https://www.rightmove.co.uk/properties/133985636#/?channel=RES_LET"
32,"Palace Road,","Newly refurbished spacious 3 double bed F/F P/B apartment situated just a short 2 mins walk from Bounds Green Tube/Bowes Park B.R, 24hr bus routes, A406 Road links, sought after local schools & a selection of local shops & amenities.","£1,900 pcm",,"https://media.rightmove.co.uk:443/dir/crop/10:9-16:9/26k/25176/133985363/25176_912_IMG_00_0000_max_476x317.jpeg","https://media.rightmove.co.uk:443/dir/crop/10:9-16:9/26k/25176/133985363/25176_912_IMG_00_0000_max_476x317.jpeg","https://media.rightmove.co.uk:443/dir/crop/10:9-16:9/26k/25176/133985363/25176_912_IMG_00_0000_max_476x317.jpeg","https://www.rightmove.co.uk/properties/133985363#/?channel=RES_LET"
33,"Gleneagle Road, London, SW16","Two bedroom maisonette is located on the first floor of a Victorian period conversion.","£1,700 pcm",,"https://media.rightmove.co.uk:443/dir/crop/10:9-16:9/35k/34358/133985291/34358_STR100364_L_IMG_00_0000_max_476x317.jpeg","https://media.rightmove.co.uk:443/dir/crop/10:9-16:9/35k/34358/133985291/34358_STR100364_L_IMG_00_0000_max_476x317.jpeg","https://media.rightmove.co.uk:443/dir/crop/10:9-16:9/35k/34358/133985291/34358_STR100364_L_IMG_00_0000_max_476x317.jpeg","https://www.rightmove.co.uk/properties/133985291#/?channel=RES_LET"
34,"Culmington Road, West Ealing","A recently decorated bright and spacious two bedroom flat situated only a short walk away from Walpole Park. Ideal for a professional couple, with communal gardens and residents parking.","£1,998 pcm",,"https://media.rightmove.co.uk:443/dir/crop/10:9-16:9/85k/84791/133983752/84791_32273380_IMG_00_0000_max_476x317.jpeg","https://media.rightmove.co.uk:443/dir/crop/10:9-16:9/85k/84791/133983752/84791_32273380_IMG_00_0000_max_476x317.jpeg","https://media.rightmove.co.uk:443/dir/crop/10:9-16:9/85k/84791/133983752/84791_32273380_IMG_00_0000_max_476x317.jpeg","https://www.rightmove.co.uk/properties/133983752#/?channel=RES_LET"
35,"Farrant Avenue, London, N22 6PG","Cosy 3 bedroom terraced house to rent, featuring a private rear garden and with excellent access to both Wood Green tube & shopping centre. Available NOW, exclusively with Network Agencies","£1,900 pcm",,"https://media.rightmove.co.uk:443/dir/crop/10:9-16:9/54k/53310/133511594/53310_farrantavenue313_IMG_08_0000_max_476x317.jpeg","https://media.rightmove.co.uk:443/dir/crop/10:9-16:9/54k/53310/133511594/53310_farrantavenue313_IMG_08_0000_max_476x317.jpeg","https://media.rightmove.co.uk:443/dir/crop/10:9-16:9/54k/53310/133511594/53310_farrantavenue313_IMG_08_0000_max_476x317.jpeg","https://www.rightmove.co.uk/properties/133511594#/?channel=RES_LET"
36,"Buckleigh Road, LONDON, SW16","Two bedroom first floor Victorian conversion flat Situated just 0.4 miles from Streatham Common station makes it ideal for those looking to commute to central London. Balham is a 4 minute (1 stop) train journey away which connects the property to the London Underground network. A frequent service...","£1,950 pcm",,"https://media.rightmove.co.uk:443/dir/crop/10:9-16:9/35k/34358/133982360/34358_STR180046_L_IMG_00_0000_max_476x317.jpeg","https://media.rightmove.co.uk:443/dir/crop/10:9-16:9/35k/34358/133982360/34358_STR180046_L_IMG_00_0000_max_476x317.jpeg","https://media.rightmove.co.uk:443/dir/crop/10:9-16:9/35k/34358/133982360/34358_STR180046_L_IMG_00_0000_max_476x317.jpeg","https://www.rightmove.co.uk/properties/133982360#/?channel=RES_LET"
37,"Brownlow Road","A chance to rent this 2 bedroom flat on the ground floor of this period conversion, the property offers a wealth of space and is well laid out comprising of an large lounge, a fitted kitchen, 2 bedrooms, a bathroom and its own garden. The property benefits from having Gas central heating, double ...","£1,650 pcm",,"https://media.rightmove.co.uk:443/dir/crop/10:9-16:9/39k/38480/133981883/38480_102728000661_IMG_00_0000_max_476x317.jpeg","https://media.rightmove.co.uk:443/dir/crop/10:9-16:9/39k/38480/133981883/38480_102728000661_IMG_00_0000_max_476x317.jpeg","https://media.rightmove.co.uk:443/dir/crop/10:9-16:9/39k/38480/133981883/38480_102728000661_IMG_00_0000_max_476x317.jpeg","https://www.rightmove.co.uk/properties/133981883#/?channel=RES_LET"
38,"LONG LANE, FINCHLEY N3","THREE DOUBLE BEDROOMand TWO BATHROOM 1st/2nd floor converted flat forming part of substantial Victorian house, set back from road, located just off Ballards Lane, close to shops, buses, Finchley Central underground station & Victoria Park. THREE DOUBLE BEDROOM and TWO BATHROOM 1st/2nd floor conv...","£2,000 pcm",,"https://media.rightmove.co.uk:443/dir/crop/10:9-16:9/83k/82444/133981862/82444_2302729_IMG_00_0000_max_476x317.jpeg","https://media.rightmove.co.uk:443/dir/crop/10:9-16:9/83k/82444/133981862/82444_2302729_IMG_00_0000_max_476x317.jpeg","https://media.rightmove.co.uk:443/dir/crop/10:9-16:9/83k/82444/133981862/82444_2302729_IMG_00_0000_max_476x317.jpeg","https://www.rightmove.co.uk/properties/133981862#/?channel=RES_LET"
39,"Wayford Street, Clapham, London","A completely refurbished two double bedroom apartment located only a few moments to Clapham Junction and the High Street. The property has been interior designed to a very high standard and offers incredible space in every room, two separate storage cupboards, a large eat in fitted kitchen with d...","£1,800 pcm",,"https://media.rightmove.co.uk:443/dir/crop/10:9-16:9/76k/75328/80325470/75328_27587158_IMG_00_0001_max_476x317.jpeg","https://media.rightmove.co.uk:443/dir/crop/10:9-16:9/76k/75328/80325470/75328_27587158_IMG_00_0001_max_476x317.jpeg","https://media.rightmove.co.uk:443/dir/crop/10:9-16:9/76k/75328/80325470/75328_27587158_IMG_00_0001_max_476x317.jpeg","https://www.rightmove.co.uk/properties/80325470#/?channel=RES_LET"
40,"Belsize Road, South Hampstead NW6","A spacious two bedroom apartment in a period conversion in the nbsp;South Hampstead area. The apartment is spread over two floors with a large open plan kitchen lounge, two double bedrooms and a fully tiled bathroom with bath and shower. The decor is neutral throughout with wood floors and tiling...","£1,950 pcm",,,,"https://media.rightmove.co.uk:443/dir/crop/10:9-16:9/33k/32793/133977884/32793_38054_IMG_00_0000_max_476x317.jpeg","https://www.rightmove.co.uk/properties/133977884#/?channel=RES_LET"
41,"Eastwood Street, Furzedown, London, SW16","A recently refurbished two double bedroom garden flat to rent in Eastwood Street, Furzedown. The property is in immaculate condition throughout, comprising of: two double bedrooms, open plan kitchen/reception with utility room, modern bathroom and a patio area. Eastwood Street is situ...","£1,750 pcm",,"https://media.rightmove.co.uk:443/dir/crop/10:9-16:9/46k/45012/133975127/45012_FRD210104_L_IMG_00_0000_max_476x317.jpeg","https://media.rightmove.co.uk:443/dir/crop/10:9-16:9/46k/45012/133975127/45012_FRD210104_L_IMG_00_0000_max_476x317.jpeg","https://media.rightmove.co.uk:443/dir/crop/10:9-16:9/46k/45012/133975127/45012_FRD210104_L_IMG_00_0000_max_476x317.jpeg","https://www.rightmove.co.uk/properties/133975127#/?channel=RES_LET"
42,"Derby Road, London, SW14","A light and spacious first floor apartment.","£1,600 pcm",,"https://media.rightmove.co.uk:443/dir/crop/10:9-16:9/215k/214331/133974449/214331_KEW220057_L_IMG_06_0000_max_476x317.jpeg","https://media.rightmove.co.uk:443/dir/crop/10:9-16:9/215k/214331/133974449/214331_KEW220057_L_IMG_00_0000_max_476x317.jpeg","https://media.rightmove.co.uk:443/dir/crop/10:9-16:9/215k/214331/133974449/214331_KEW220057_L_IMG_00_0000_max_476x317.jpeg","https://www.rightmove.co.uk/properties/133974449#/?channel=RES_LET"
43,"Wandsworth Road, London, SW8","We are pleased to present this beautiful 2-bed flat on the 8th floor in Clapham area.*AVAILABLE NOW*The property benefits of a fully fitted kitchen/diner, separate living area, two double bedrooms and bathroom. Within minutes walk to shops, pubs, restaurants and transport links.","£1,750 pcm",,,,,"https://www.rightmove.co.uk/properties/133972058#/?channel=RES_LET"
44,"Oakleigh Park North, Whetstone","***ZERO DEPOSIT GUARANTEE AVAILABLE*** A neatly presented three bedroom purpose built second floor apartment. The property which features neutral decor throughout and modern kitchen further benefits from a balcony and ample storage space, free parking and a convenient location equidistant to Tot...","£1,750 pcm",,"https://media.rightmove.co.uk:443/dir/crop/10:9-16:9/67k/66176/133971488/66176_P5995C1425_IMG_01_0000_max_476x317.jpeg","https://media.rightmove.co.uk:443/dir/crop/10:9-16:9/67k/66176/133971488/66176_P5995C1425_IMG_01_0000_max_476x317.jpeg","https://media.rightmove.co.uk:443/dir/crop/10:9-16:9/67k/66176/133971488/66176_P5995C1425_IMG_01_0000_max_476x317.jpeg","https://www.rightmove.co.uk/properties/133971488#/?channel=RES_LET"
45,"Ponder Street, Islington, London, N7","Two bedroom GROUND FLOOR FLAT just a short walk away from CALEDONIAN ROAD. Benefitting from WOOD FLOORING, separate FITTED KITCHEN, lounge, two bedrooms, bathroom and direct access to COMMUNAL GARDEN. Part Furnished.","£1,950 pcm",,"https://media.rightmove.co.uk:443/dir/crop/10:9-16:9/234k/233699/132900608/233699_101380005362_IMG_00_0000_max_476x317.jpeg","https://media.rightmove.co.uk:443/dir/crop/10:9-16:9/234k/233699/132900608/233699_101380005362_IMG_00_0000_max_476x317.jpeg","https://media.rightmove.co.uk:443/dir/crop/10:9-16:9/234k/233699/132900608/233699_101380005362_IMG_00_0000_max_476x317.jpeg","https://www.rightmove.co.uk/properties/132900608#/?channel=RES_LET"
46,"Lower Downs Road, London, SW20","Spacious 2 bedroom first floor flat in Raynes Park, new to the market. This bright and airy property offers 2 double bedrooms, modern family, separate WC and spacious reception. There is an integrated kitchen with lots of room for storage.. Located 0.5 miles from Raynes Park Station (National Rai...","£1,550 pcm","https://media.rightmove.co.uk:443/dir/crop/10:9-16:9/195k/194222/133969022/194222_HRP230258_L_IMG_00_0000_max_476x317.jpeg",,,,"https://www.rightmove.co.uk/properties/133969022#/?channel=RES_LET"
47,"Falkland Road, Harringay, N8","A bright and spacious split level two bedroom flat located on a residential road with in a short walk from Turnpike Lane tube station & Hornsey train station. The property has direct access (from kitchen diner) to shared use of a nice GARDEN, a large reception room with stripped floor boards, a l...","£1,695 pcm",,"https://media.rightmove.co.uk:443/dir/crop/10:9-16:9/74k/73781/132665813/73781_32193999_IMG_00_0000_max_476x317.jpeg","https://media.rightmove.co.uk:443/dir/crop/10:9-16:9/74k/73781/132665813/73781_32193999_IMG_00_0000_max_476x317.jpeg","https://media.rightmove.co.uk:443/dir/crop/10:9-16:9/74k/73781/132665813/73781_32193999_IMG_00_0000_max_476x317.jpeg","https://www.rightmove.co.uk/properties/132665813#/?channel=RES_LET"
48,"Jubilee Building, 98 Jamaica Road, London, SE16","A wellpresented dual aspect two bedroom, two bathroom apartment with balcony located moments from Bermondsey underground station, excellent local shopping facilities and the river with it's fashionable riverside cafes, bars and restaurants.","£1,950 pcm",,"https://media.rightmove.co.uk:443/dir/crop/10:9-16:9/12k/11351/133964876/11351_ROT210132_L_IMG_00_0000_max_476x317.jpeg","https://media.rightmove.co.uk:443/dir/crop/10:9-16:9/12k/11351/133964876/11351_ROT210132_L_IMG_00_0000_max_476x317.jpeg","https://media.rightmove.co.uk:443/dir/crop/10:9-16:9/12k/11351/133964876/11351_ROT210132_L_IMG_00_0000_max_476x317.jpeg","https://www.rightmove.co.uk/properties/133964876#/?channel=RES_LET"
49,"9 Greenwich Quay, Clarence Road, London, SE8","A stunning recently refurbished two bedroom flat set on the second floor in a fantastic location, boasting a large reception room with views over Deptford Creek and a fully integrated open-plan kitchen. Located close to the banks of the River Thames, boasting easy access to central Gre...","£1,950 pcm",,"https://media.rightmove.co.uk:443/dir/crop/10:9-16:9/12k/11351/133964870/11351_ROT190656_L_IMG_00_0000_max_476x317.jpeg","https://media.rightmove.co.uk:443/dir/crop/10:9-16:9/12k/11351/133964870/11351_ROT190656_L_IMG_00_0000_max_476x317.jpeg","https://media.rightmove.co.uk:443/dir/crop/10:9-16:9/12k/11351/133964870/11351_ROT190656_L_IMG_00_0000_max_476x317.jpeg","https://www.rightmove.co.uk/properties/133964870#/?channel=RES_LET"
50,"Ascham End, London, E17","Modernised trendy apartment for 1-2 occupants This trendy apartment is is over 530 ft2 (50 m2) and has access to a garden, private parking and wifi. 1-2 occupants can apply for it, not more and it... ** Property Reference: 1650936 **","£1,445 pcm",,"https://media.rightmove.co.uk:443/dir/crop/10:9-16:9/97k/96668/132568493/96668_155430617112022_IMG_00_0000_max_476x317.jpeg","https://media.rightmove.co.uk:443/dir/crop/10:9-16:9/97k/96668/132568493/96668_155430617112022_IMG_00_0000_max_476x317.jpeg","https://media.rightmove.co.uk:443/dir/crop/10:9-16:9/97k/96668/132568493/96668_155430617112022_IMG_00_0000_max_476x317.jpeg","https://www.rightmove.co.uk/properties/132568493#/?channel=RES_LET"
51,"Holden Road, Finchley,  N12, N12","Top floor apartment situated in modern purpose built developement set back off Holden Road within a quarter mile radius of Woodside Park Northern Line Underground Station.","£1,650 pcm",,"https://media.rightmove.co.uk:443/dir/crop/10:9-16:9/36k/35969/133960928/35969_06910076_IMG_00_0000_max_476x317.jpeg","https://media.rightmove.co.uk:443/dir/crop/10:9-16:9/36k/35969/133960928/35969_06910076_IMG_00_0000_max_476x317.jpeg","https://media.rightmove.co.uk:443/dir/crop/10:9-16:9/36k/35969/133960928/35969_06910076_IMG_00_0000_max_476x317.jpeg","https://www.rightmove.co.uk/properties/133960928#/?channel=RES_LET"
52,"Chadwell Lane, Hornsey, N8","Available 15th April 2023. Unfurnished: An exquisite example of a naturally bright and spacious two bedroom, contemporary apartment. Set on the fourth floor of this highly desirable purpose built complex and further comprising modern bathroom, open plan kitchen/reception that can be extended i...","£2,000 pcm","https://media.rightmove.co.uk:443/dir/crop/10:9-16:9/175k/174338/132380249/174338_2658214_IMG_00_0000_max_476x317.jpeg",,,"https://media.rightmove.co.uk:443/dir/crop/10:9-16:9/175k/174338/132380249/174338_2658214_IMG_00_0000_max_476x317.jpeg","https://www.rightmove.co.uk/properties/132380249#/?channel=RES_LET"
53,"Kilburn High Road, Kilburn, NW6","THIS ONE'S FOR YOU IF... you love freshly painted walls, newly carpeted bedrooms, lots of natural light and being high in the sky. You want a nice, convenient location to spend your weekends on sunny strolls with loads of food, drink and parks nearby. Having two bathrooms always helps;...","£2,000 pcm",,"https://media.rightmove.co.uk:443/dir/crop/10:9-16:9/63k/62636/133960235/62636_PAR170140_L_IMG_00_0000_max_476x317.jpeg","https://media.rightmove.co.uk:443/dir/crop/10:9-16:9/63k/62636/133960235/62636_PAR170140_L_IMG_00_0000_max_476x317.jpeg","https://media.rightmove.co.uk:443/dir/crop/10:9-16:9/63k/62636/133960235/62636_PAR170140_L_IMG_00_0000_max_476x317.jpeg","https://www.rightmove.co.uk/properties/133960235#/?channel=RES_LET"
54,"Highlands Avenue, London, W3","*NEWLY REFURBISHED**BRAND NEW APPLICANCES & FURNITURE**Available to move in now* *Rent Directly form Landlord*, Situated on a highly desirable no-through road, this well presented 2 double... ** Property Reference: 1239145 **","£1,999 pcm",,"https://media.rightmove.co.uk:443/dir/crop/10:9-16:9/97k/96668/133958885/96668_123914518102021_IMG_00_0000_max_476x317.jpeg","https://media.rightmove.co.uk:443/dir/crop/10:9-16:9/97k/96668/133958885/96668_123914518102021_IMG_00_0000_max_476x317.jpeg","https://media.rightmove.co.uk:443/dir/crop/10:9-16:9/97k/96668/133958885/96668_123914518102021_IMG_00_0000_max_476x317.jpeg","https://www.rightmove.co.uk/properties/133958885#/?channel=RES_LET"
55,"Amesbury Court, 11 Crofton Way, ENFIELD, Middlesex, EN2","A TWO bedroom TOP FLOOR apartment situated off THE RIDGEWAY and easy reach of Enfield Town Shopping Centre. Benefits include SPACIOUS LOUNGE GAS CENTRAL HEATING, DOUBLE BEDROOMS, COMMUNAL PARKING and OFFERED IN VERY GOOD CONDITION.","£1,500 pcm",,"https://media.rightmove.co.uk:443/dir/crop/10:9-16:9/36k/35516/133958540/35516_EEL200004_L_IMG_00_0000_max_476x317.png","https://media.rightmove.co.uk:443/dir/crop/10:9-16:9/36k/35516/133958540/35516_EEL200004_L_IMG_00_0000_max_476x317.png","https://media.rightmove.co.uk:443/dir/crop/10:9-16:9/36k/35516/133958540/35516_EEL200004_L_IMG_00_0000_max_476x317.png","https://www.rightmove.co.uk/properties/133958540#/?channel=RES_LET"
56,"High Street, Southgate, London N14","| Two bedrooms | Short walk to Southgate tube station | Gas central heating | Off-street allocated parking | Gated development | Excellent location to schools | Short walk to Southgate Tube station | Available 2nd May | A two bedroom top floor apartment set within this private secure gated dev...","£1,700 pcm",,"https://media.rightmove.co.uk:443/dir/crop/10:9-16:9/117k/116041/131424698/116041_11760941_IMG_00_0000_max_476x317.jpeg","https://media.rightmove.co.uk:443/dir/crop/10:9-16:9/117k/116041/131424698/116041_11760941_IMG_01_0000_max_476x317.jpeg","https://media.rightmove.co.uk:443/dir/crop/10:9-16:9/117k/116041/131424698/116041_11760941_IMG_00_0000_max_476x317.jpeg","https://www.rightmove.co.uk/properties/131424698#/?channel=RES_LET"
57,"Stag Lane, London, NW9","Available Now - Newly Refurbished - 2 Bedroom Flat - First Floor - 1 Double Bedroom - 1 Single Bedroom - Large Reception Room - On Street Parking Only - No Garden Access - Part Furnished - Electric Bill £120 Per Month - Council Tax Band B","£1,750 pcm",,"https://media.rightmove.co.uk:443/dir/crop/10:9-16:9/112k/111497/133956701/111497_26198180_IMG_00_0000_max_476x317.jpeg","https://media.rightmove.co.uk:443/dir/crop/10:9-16:9/112k/111497/133956701/111497_26198180_IMG_00_0000_max_476x317.jpeg","https://media.rightmove.co.uk:443/dir/crop/10:9-16:9/112k/111497/133956701/111497_26198180_IMG_00_0000_max_476x317.jpeg","https://www.rightmove.co.uk/properties/133956701#/?channel=RES_LET"
58,"Waverley Road, ENFIELD","Barnfields are delighted to offer for 3 DOUBLE BEDROOM apartment in a sought after location within a short walk of Enfield Chase Station and Enfield Town. Minimum contract 12 months. Please call for more details. Rent excludes the Tenancy Deposit and any other permitted charges or fees - please...","£2,000 pcm",,"https://media.rightmove.co.uk:443/dir/crop/10:9-16:9/4k/3843/133956251/3843_P5829E5921_IMG_00_0000_max_476x317.jpeg","https://media.rightmove.co.uk:443/dir/crop/10:9-16:9/4k/3843/133956251/3843_P5829E5921_IMG_00_0000_max_476x317.jpeg","https://media.rightmove.co.uk:443/dir/crop/10:9-16:9/4k/3843/133956251/3843_P5829E5921_IMG_00_0000_max_476x317.jpeg","https://www.rightmove.co.uk/properties/133956251#/?channel=RES_LET"
59,"Brockley Road, Brockley","A brand new fully refurbished first floor flat comprising two double bedrooms a large open plan kitchen / living space with wood floors throughout and a modern walk in shower room.","£1,700 pcm",,"https://media.rightmove.co.uk:443/dir/crop/10:9-16:9/67k/66897/133368242/66897_32240526_IMG_00_0001_max_476x317.jpeg","https://media.rightmove.co.uk:443/dir/crop/10:9-16:9/67k/66897/133368242/66897_32240526_IMG_00_0001_max_476x317.jpeg","https://media.rightmove.co.uk:443/dir/crop/10:9-16:9/67k/66897/133368242/66897_32240526_IMG_00_0001_max_476x317.jpeg","https://www.rightmove.co.uk/properties/133368242#/?channel=RES_LET"
60,"Merton Park Parade, London, SW19","A smart, and well located two bedroom apartment just a short walk to Wimbledon Chase station and Wimbledon Town centre. Consisting of two bedrooms, both with fitted wardrobes, a bathroom with walk in shower, and a good sized reception, leading out to a a fully fitted kitchen. (U) EPC-...","£1,450 pcm",,"https://media.rightmove.co.uk:443/dir/crop/10:9-16:9/195k/194231/133955723/194231_HWB190129_L_IMG_00_0000_max_476x317.jpeg","https://media.rightmove.co.uk:443/dir/crop/10:9-16:9/195k/194231/133955723/194231_HWB190129_L_IMG_00_0000_max_476x317.jpeg","https://media.rightmove.co.uk:443/dir/crop/10:9-16:9/195k/194231/133955723/194231_HWB190129_L_IMG_00_0000_max_476x317.jpeg","https://www.rightmove.co.uk/properties/133955723#/?channel=RES_LET"
61,"High Street, Hornsey, Crouch End, London","Excellent two double bedroom flat to rent set within a gated development in Hornsey. The property comprises of two double bedrooms, wooden flooring throughout, fully fitted kitchen, living area and modern bathroom. The property benefits from off street parking and is available furnished or unfurn...","£1,800 pcm",,"https://media.rightmove.co.uk:443/dir/crop/10:9-16:9/177k/176261/80679007/176261_102708021991_IMG_01_0000_max_476x317.jpg","https://media.rightmove.co.uk:443/dir/crop/10:9-16:9/177k/176261/80679007/176261_102708021991_IMG_01_0000_max_476x317.jpg","https://media.rightmove.co.uk:443/dir/crop/10:9-16:9/177k/176261/80679007/176261_102708021991_IMG_01_0000_max_476x317.jpg","https://www.rightmove.co.uk/properties/80679007#/?channel=RES_LET"
62,"Hammersmith Road, London, W14","Two bedroom flat in heart of Kensington. The property benefits from: separate living room, wooden flooring and double-glazed windows. Located within a short walk to Kensington Olympia, West Kensington and Baron's Court stations.","£1,603 pcm",,"https://media.rightmove.co.uk:443/dir/crop/10:9-16:9/76k/75829/66287372/75829_4ham89_IMG_00_0000_max_476x317.JPG","https://media.rightmove.co.uk:443/dir/crop/10:9-16:9/76k/75829/66287372/75829_4ham89_IMG_00_0000_max_476x317.JPG","https://media.rightmove.co.uk:443/dir/crop/10:9-16:9/76k/75829/66287372/75829_4ham89_IMG_00_0000_max_476x317.JPG","https://www.rightmove.co.uk/properties/66287372#/?channel=RES_LET"
63,"Clifford Avenue, London, SW14","The property benefits of a fully fitted kitchen/dinner, two bedrooms, bathroom. New carpet will be fitted!Well located - within minutes walk to shops and transport links. Ideal for working professionals.","£1,750 pcm",,"https://media.rightmove.co.uk:443/dir/crop/10:9-16:9/77k/76165/133947290/76165_guyjgbuj_IMG_04_0000_max_476x317.jpeg","https://media.rightmove.co.uk:443/dir/crop/10:9-16:9/77k/76165/133947290/76165_guyjgbuj_IMG_04_0000_max_476x317.jpeg","https://media.rightmove.co.uk:443/dir/crop/10:9-16:9/77k/76165/133947290/76165_guyjgbuj_IMG_04_0000_max_476x317.jpeg","https://www.rightmove.co.uk/properties/133947290#/?channel=RES_LET"
64,"Shooters Hill, Blackheath, London, SE3","The Storey: Set on the second floor of this beautiful Victorian conversion is this 870 Sq. ft two bedroom apartment on Shooters Hill, Blackheath SE3. Offering a spacious reception room with two large sash windows and feature fire place, large built-in kitchen with breakfast bar, two g...","£1,600 pcm",,"https://media.rightmove.co.uk:443/dir/crop/10:9-16:9/177k/176102/107084723/176102_STH210154_L_IMG_00_0001_max_476x317.jpeg","https://media.rightmove.co.uk:443/dir/crop/10:9-16:9/177k/176102/107084723/176102_STH210154_L_IMG_00_0001_max_476x317.jpeg","https://media.rightmove.co.uk:443/dir/crop/10:9-16:9/177k/176102/107084723/176102_STH210154_L_IMG_00_0001_max_476x317.jpeg","https://www.rightmove.co.uk/properties/107084723#/?channel=RES_LET"
65,"Branksome Road, Brixton, London","A beautiful , bright and open plan two bedroom flat - situated around a sixteen minute walk from Brixton Station.","£1,950 pcm",,"https://media.rightmove.co.uk:443/dir/crop/10:9-16:9/107k/106135/133943030/106135_32271641_IMG_00_0000_max_476x317.jpeg","https://media.rightmove.co.uk:443/dir/crop/10:9-16:9/107k/106135/133943030/106135_32271641_IMG_00_0000_max_476x317.jpeg","https://media.rightmove.co.uk:443/dir/crop/10:9-16:9/107k/106135/133943030/106135_32271641_IMG_00_0000_max_476x317.jpeg","https://www.rightmove.co.uk/properties/133943030#/?channel=RES_LET"
66,"Streatham High Road, London, SW16","Situated on the third floor within a large 1930s art deco building off Streatham High Road, overlooking Leigham Avenue and accessed via a welcoming and well-maintained communal entrance with a lift and stairs up to the third floor. Accommodation is comprised of a welcoming entra...","£1,800 pcm",,"https://media.rightmove.co.uk:443/dir/crop/10:9-16:9/35k/34358/133701638/34358_STS230027_L_IMG_00_0000_max_476x317.jpeg","https://media.rightmove.co.uk:443/dir/crop/10:9-16:9/35k/34358/133701638/34358_STS230027_L_IMG_00_0000_max_476x317.jpeg","https://media.rightmove.co.uk:443/dir/crop/10:9-16:9/35k/34358/133701638/34358_STS230027_L_IMG_00_0000_max_476x317.jpeg","https://www.rightmove.co.uk/properties/133701638#/?channel=RES_LET"
67,"Shorwell House, London, SW18","We are proud to offer this delightful 2 bedroom, 1 bathroom flat in a great location. Available to move in from 24 April 2023, this property benefits from available parking. Property is offered f... ** Property Reference: 1682961 **","£1,650 pcm",,"https://media.rightmove.co.uk:443/dir/crop/10:9-16:9/97k/96668/133940018/96668_168296118042023_IMG_00_0000_max_476x317.jpeg","https://media.rightmove.co.uk:443/dir/crop/10:9-16:9/97k/96668/133940018/96668_168296118042023_IMG_00_0000_max_476x317.jpeg","https://media.rightmove.co.uk:443/dir/crop/10:9-16:9/97k/96668/133940018/96668_168296118042023_IMG_00_0000_max_476x317.jpeg","https://www.rightmove.co.uk/properties/133940018#/?channel=RES_LET"
68,"Osprey Heights, SW11","A fantastic two double bedroom apartment minutes walk to Clapham Junction Station with communal gym, pool and sauna. Available end of May.","£1,900 pcm",,"https://media.rightmove.co.uk:443/dir/crop/10:9-16:9/65k/64604/133939619/64604_000057003_IMG_02_0000_max_476x317.jpeg","https://media.rightmove.co.uk:443/dir/crop/10:9-16:9/65k/64604/133939619/64604_000057003_IMG_02_0000_max_476x317.jpeg","https://media.rightmove.co.uk:443/dir/crop/10:9-16:9/65k/64604/133939619/64604_000057003_IMG_02_0000_max_476x317.jpeg","https://www.rightmove.co.uk/properties/133939619#/?channel=RES_LET"
69,"Hartington Road, Ealing","A spacious and bright two double bedroom ground floor flat which is located in purpose built block moments from West Ealing Station.","£1,900 pcm","https://media.rightmove.co.uk:443/dir/crop/10:9-16:9/76k/75433/133939577/75433_2766_GARD_IMG_00_0000_max_476x317.jpeg",,,"https://media.rightmove.co.uk:443/dir/crop/10:9-16:9/76k/75433/133939577/75433_2766_GARD_IMG_00_0000_max_476x317.jpeg","https://www.rightmove.co.uk/properties/133939577#/?channel=RES_LET"
70,"Althorne Gardens, South Woodford","2 bedroom, ground floor flat - PART REFURBISHED. Spacious flat that offers a kitchen with appliances, good size living room, 2 double bedrooms and a modern bathroom. Gas Central Heating & Double Glazed, Parking and offering PRIVATE TERRACE. Located 12 minute walk to Snaresbrook Stn.","£1,450 pcm",,"https://media.rightmove.co.uk:443/dir/crop/10:9-16:9/46k/45525/133939313/45525_100726002183_IMG_00_0000_max_476x317.jpeg","https://media.rightmove.co.uk:443/dir/crop/10:9-16:9/46k/45525/133939313/45525_100726002183_IMG_00_0000_max_476x317.jpeg","https://media.rightmove.co.uk:443/dir/crop/10:9-16:9/46k/45525/133939313/45525_100726002183_IMG_00_0000_max_476x317.jpeg","https://www.rightmove.co.uk/properties/133939313#/?channel=RES_LET"
71,"City Peninsula, Greenwich, London, SE10","ZERO DEPOSIT AVAILABLE. LONG LET. A wonderful 2 bedroom 11th floor flat set in a contemporary residential development and boasting a fantastic location on the banks of the River Thames.","£1,900 pcm",,"https://media.rightmove.co.uk:443/dir/crop/10:9-16:9/108k/107533/133939103/107533_1236343_IMG_01_0000_max_476x317.jpeg","https://media.rightmove.co.uk:443/dir/crop/10:9-16:9/108k/107533/133939103/107533_1236343_IMG_01_0000_max_476x317.jpeg","https://media.rightmove.co.uk:443/dir/crop/10:9-16:9/108k/107533/133939103/107533_1236343_IMG_01_0000_max_476x317.jpeg","https://www.rightmove.co.uk/properties/133939103#/?channel=RES_LET"
72,"Selhurst Road, South Norwood, SE25","NEWLY REFURBISHED throughout is this WELL SIZED flat located on the popular Selhurst Road in which is available to rent immediately. The property is located within walking distance to NORWOOD JUNCTION rail station and plenty of LOCAL AMENITIES. Enquire today for your earliest viewing appointment.","£1,800 pcm",,"https://media.rightmove.co.uk:443/dir/crop/10:9-16:9/187k/186113/133938899/186113_CKBE_001140_IMG_00_0000_max_476x317.jpeg","https://media.rightmove.co.uk:443/dir/crop/10:9-16:9/187k/186113/133938899/186113_CKBE_001140_IMG_00_0000_max_476x317.jpeg","https://media.rightmove.co.uk:443/dir/crop/10:9-16:9/187k/186113/133938899/186113_CKBE_001140_IMG_00_0000_max_476x317.jpeg","https://www.rightmove.co.uk/properties/133938899#/?channel=RES_LET"
73,"Forest Court, Snaresbrook","1st floor 2 double bedroom flat, UNFURNISHED. Gated complex, & security entrance system. Fully fitted modern kitchen, Spacious living room. Modern bathroom, 2 double bedrooms. GCH, D/G, Parking. 12-15 minute walk to Snaresbrook Station.","£1,600 pcm",,"https://media.rightmove.co.uk:443/dir/crop/10:9-16:9/46k/45525/133938887/45525_100726004407_IMG_00_0000_max_476x317.jpeg","https://media.rightmove.co.uk:443/dir/crop/10:9-16:9/46k/45525/133938887/45525_100726004407_IMG_00_0000_max_476x317.jpeg","https://media.rightmove.co.uk:443/dir/crop/10:9-16:9/46k/45525/133938887/45525_100726004407_IMG_00_0000_max_476x317.jpeg","https://www.rightmove.co.uk/properties/133938887#/?channel=RES_LET"
74,"Tregothnan Road, Clapham North, London, SW9","ZERO DEPOSIT AVAILABLE. LONG LET. A superb 2 bedroom 1st floor flat set within a charming period conversion, benefiting from bright and well presented living space, a lovely reception room and a modern kitchen.","£2,000 pcm",,"https://media.rightmove.co.uk:443/dir/crop/10:9-16:9/57k/56751/133938809/56751_1235580_IMG_01_0000_max_476x317.jpeg","https://media.rightmove.co.uk:443/dir/crop/10:9-16:9/57k/56751/133938809/56751_1235580_IMG_01_0000_max_476x317.jpeg","https://media.rightmove.co.uk:443/dir/crop/10:9-16:9/57k/56751/133938809/56751_1235580_IMG_01_0000_max_476x317.jpeg","https://www.rightmove.co.uk/properties/133938809#/?channel=RES_LET"
75,"London Fields East Side, London, E8","Atkinson McLeod are delighted to present this spacious one / two bedroom maisonette consisting of a large double bedroom with a Jack and Jill style bathroom, a smaller second bedroom or office space, large hallway space, open plan reception area with a fully equipped kitchen, as well as a large b...","£1,850 pcm",,"https://media.rightmove.co.uk:443/dir/crop/10:9-16:9/257k/256640/133489127/256640_HKL230060_L_IMG_06_0000_max_476x317.jpeg","https://media.rightmove.co.uk:443/dir/crop/10:9-16:9/257k/256640/133489127/256640_HKL230060_L_IMG_00_0000_max_476x317.jpeg","https://media.rightmove.co.uk:443/dir/crop/10:9-16:9/257k/256640/133489127/256640_HKL230060_L_IMG_00_0000_max_476x317.jpeg","https://www.rightmove.co.uk/properties/133489127#/?channel=RES_LET"
76,"Rotherhithe New Road, London","A bright two bedroom apartment on the first floor of this modern development. This apartment has an open plan reception room, wooden flooring and ample storage. Tenant Information: maritime-properties.co.uk/lettings/","£1,950 pcm",,"https://media.rightmove.co.uk:443/dir/crop/10:9-16:9/258k/257069/132750149/257069_32199123_IMG_00_0001_max_476x317.jpeg","https://media.rightmove.co.uk:443/dir/crop/10:9-16:9/258k/257069/132750149/257069_32199123_IMG_00_0001_max_476x317.jpeg","https://media.rightmove.co.uk:443/dir/crop/10:9-16:9/258k/257069/132750149/257069_32199123_IMG_00_0001_max_476x317.jpeg","https://www.rightmove.co.uk/properties/132750149#/?channel=RES_LET"
77,"Fairmead Court Forest Avenue, Chingford, E4","** REGISTER FOR VIEWING DAY SATURDAY THE 22ND APRIL 11.00 AM to 2.00 PM ** Churchill Estates are delighted to offer this superbly maintained and completely refurbished 2 bedroom apartment situated in a popular development of Forest Avenue, the apartment is front facing with glorious forest facing...","£1,700 pcm","https://media.rightmove.co.uk:443/dir/crop/10:9-16:9/11k/10141/133816955/10141_32264357_IMG_00_0000_max_476x317.jpeg",,,"https://media.rightmove.co.uk:443/dir/crop/10:9-16:9/11k/10141/133816955/10141_32264357_IMG_00_0000_max_476x317.jpeg","https://www.rightmove.co.uk/properties/133816955#/?channel=RES_LET"
78,"Romola Road, Herne Hill, London, SE24","Pedder are delighted to offer to the market this light and spacious two double bedroom split level conversion flat on Romola Road, a quiet residential road in Herne Hill, SE24.","£1,750 pcm",,"https://media.rightmove.co.uk:443/dir/crop/10:9-16:9/83k/82748/133935860/82748_DWR001AC8_IMG_00_0001_max_476x317.jpeg","https://media.rightmove.co.uk:443/dir/crop/10:9-16:9/83k/82748/133935860/82748_DWR001AC8_IMG_00_0001_max_476x317.jpeg","https://media.rightmove.co.uk:443/dir/crop/10:9-16:9/83k/82748/133935860/82748_DWR001AC8_IMG_00_0001_max_476x317.jpeg","https://www.rightmove.co.uk/properties/133935860#/?channel=RES_LET"
79,"Colindeep Lane, Colindale","The Property Shop is proud to offer this immaculate condition ground floor flat in Colindale. The property comprises of 2 bedrooms, family bathroom, living room, kitchen private garden and parking. Call now to arrange a viewing.","£2,000 pcm",,"https://media.rightmove.co.uk:443/dir/crop/10:9-16:9/168k/167138/133935875/167138_TPR1001480_IMG_00_0000_max_476x317.jpeg","https://media.rightmove.co.uk:443/dir/crop/10:9-16:9/168k/167138/133935875/167138_TPR1001480_IMG_00_0000_max_476x317.jpeg","https://media.rightmove.co.uk:443/dir/crop/10:9-16:9/168k/167138/133935875/167138_TPR1001480_IMG_00_0000_max_476x317.jpeg","https://www.rightmove.co.uk/properties/133935875#/?channel=RES_LET"
80,"Monica Court, 2 Village Road, Enfield, Hertfordshire, EN1","A lovely 2 bedroom top floor flat set within a quiet private residential block. This flat has a modern kitchen and bathroom and also benefits from a small balcony and off street parking. Available Now - Unfurnished.","£1,551 pcm",,"https://media.rightmove.co.uk:443/dir/crop/10:9-16:9/84k/83719/133939625/83719_HKM190072_L_IMG_01_0000_max_476x317.jpeg","https://media.rightmove.co.uk:443/dir/crop/10:9-16:9/84k/83719/133939625/83719_HKM190072_L_IMG_00_0000_max_476x317.jpeg","https://media.rightmove.co.uk:443/dir/crop/10:9-16:9/84k/83719/133939625/83719_HKM190072_L_IMG_00_0000_max_476x317.jpeg","https://www.rightmove.co.uk/properties/133939625#/?channel=RES_LET"
81,"Connaught Heights, Booth Road, Royal Docks, London, E16","Please Quote ASP ID: 52429 Situated on a peaceful development with concierge facilities, this bright apartment benefits from bright and modern interiors and a private balcony. Waterside Heights is situated on a peaceful residential street ...","£1,993 pcm",,"https://media.rightmove.co.uk:443/dir/crop/10:9-16:9/34k/33012/132340769/33012_52429_IMG_00_0000_max_476x317.jpeg","https://media.rightmove.co.uk:443/dir/crop/10:9-16:9/34k/33012/132340769/33012_52429_IMG_00_0000_max_476x317.jpeg","https://media.rightmove.co.uk:443/dir/crop/10:9-16:9/34k/33012/132340769/33012_52429_IMG_00_0000_max_476x317.jpeg","https://www.rightmove.co.uk/properties/132340769#/?channel=RES_LET"
82,"Trelawn Road, London, E10","Ambassador are pleased to offer this recently refurbished 2 bedroom within walking distance to Leyton high road and Leyton underground station.","£1,900 pcm",,"https://media.rightmove.co.uk:443/dir/crop/10:9-16:9/221k/220430/128733527/220430_3334_IMG_00_0000_max_476x317.jpeg","https://media.rightmove.co.uk:443/dir/crop/10:9-16:9/221k/220430/128733527/220430_3334_IMG_00_0000_max_476x317.jpeg","https://media.rightmove.co.uk:443/dir/crop/10:9-16:9/221k/220430/128733527/220430_3334_IMG_00_0000_max_476x317.jpeg","https://www.rightmove.co.uk/properties/128733527#/?channel=RES_LET"
83,"Roma Corte, 1 Elmira Street, Lewisham, London, SE13 7GS","A delightful 2 double bedroom apartment in the heart of vibrant Lewisham just moments from the DLR and Rail with great access to the City. The property is offered furnished with 2 double b...","£1,850 pcm",,"https://media.rightmove.co.uk:443/dir/crop/10:9-16:9/54k/53040/133933391/53040_328464_IMG_00_0000_max_476x317.jpeg","https://media.rightmove.co.uk:443/dir/crop/10:9-16:9/54k/53040/133933391/53040_328464_IMG_00_0000_max_476x317.jpeg","https://media.rightmove.co.uk:443/dir/crop/10:9-16:9/54k/53040/133933391/53040_328464_IMG_00_0000_max_476x317.jpeg","https://www.rightmove.co.uk/properties/133933391#/?channel=RES_LET"
84,"Higham Hill Road, London, E17","Ambassador are pleased to offer this 2 bedroom ground floor flat with private garden.","£1,900 pcm",,"https://media.rightmove.co.uk:443/dir/crop/10:9-16:9/221k/220430/85924884/220430_111111_IMG_00_0000_max_476x317.jpeg","https://media.rightmove.co.uk:443/dir/crop/10:9-16:9/221k/220430/85924884/220430_111111_IMG_00_0000_max_476x317.jpeg","https://media.rightmove.co.uk:443/dir/crop/10:9-16:9/221k/220430/85924884/220430_111111_IMG_00_0000_max_476x317.jpeg","https://www.rightmove.co.uk/properties/85924884#/?channel=RES_LET"
85,"Marischal Road, Lewisham","Two Bedroom Apartment / Private Entrance Door / Shared Rear Garden / Part Furnished / Own Private Entrance Door / First Floor / Central Heating / Double Glazing / Town Centre / Market place / Lewisham Station / Docklands Light Railway / Zone Two / 5 Week Deposit Required / Please follow our intag...","£1,650 pcm","https://media.rightmove.co.uk:443/dir/crop/10:9-16:9/38k/37160/133691006/37160_P332580_IMG_02_0000_max_476x317.jpeg",,,"https://media.rightmove.co.uk:443/dir/crop/10:9-16:9/38k/37160/133691006/37160_P332580_IMG_02_0000_max_476x317.jpeg","https://www.rightmove.co.uk/properties/133691006#/?channel=RES_LET"
86,"High Street London N8","A stylish new build two double bedroom flat to rent. The property is located close to amenities of High Street Hornsey and transport links from Crouch End and Hornsey British Rail.","£1,800 pcm",,"https://media.rightmove.co.uk:443/dir/crop/10:9-16:9/56k/55432/133025621/55432_P212973_IMG_00_0000_max_476x317.jpeg","https://media.rightmove.co.uk:443/dir/crop/10:9-16:9/56k/55432/133025621/55432_P212973_IMG_00_0000_max_476x317.jpeg","https://media.rightmove.co.uk:443/dir/crop/10:9-16:9/56k/55432/133025621/55432_P212973_IMG_00_0000_max_476x317.jpeg","https://www.rightmove.co.uk/properties/133025621#/?channel=RES_LET"
87,"Hillfield Avenue London N8","Newly refurbished bright and spacious two bedroom flat set on the first floor of a period conversion. This property is ideally located close to amenities and a five minute walk to Hornsey BR","£1,950 pcm",,"https://media.rightmove.co.uk:443/dir/crop/10:9-16:9/56k/55432/133929050/55432_P213659_IMG_00_0001_max_476x317.jpeg","https://media.rightmove.co.uk:443/dir/crop/10:9-16:9/56k/55432/133929050/55432_P213659_IMG_00_0001_max_476x317.jpeg","https://media.rightmove.co.uk:443/dir/crop/10:9-16:9/56k/55432/133929050/55432_P213659_IMG_00_0001_max_476x317.jpeg","https://www.rightmove.co.uk/properties/133929050#/?channel=RES_LET"
88,"Hill Road, London, CR4","We are pleased to present a newly renovated 2-bed ground floor flat with garden in Mitcham Area.*AVAILABLE NOW*The property benefits of a fully fitted open plan kitchen/dinning area, two double bedrooms and a family bathroom. Within minutes walk to shops, pubs, schools and transport links.","£1,690 pcm",,,,,"https://www.rightmove.co.uk/properties/133889159#/?channel=RES_LET"
89,"Cypress Court, Alpine Road, London, NW9","Oyster Properties are proud to present this bright and spacious 2 Bedroom 2 Bathroom apartment available to rent in Alpine Place in Queensbury. The property benefits from a modern fully fitted kitchen and large open plan living/dining room with access to spacious balcony. Accommodation comprises:...","£1,750 pcm",,"https://media.rightmove.co.uk:443/dir/crop/10:9-16:9/20k/19059/133928486/19059_STN150203_L_IMG_00_0000_max_476x317.jpeg","https://media.rightmove.co.uk:443/dir/crop/10:9-16:9/20k/19059/133928486/19059_STN150203_L_IMG_00_0000_max_476x317.jpeg","https://media.rightmove.co.uk:443/dir/crop/10:9-16:9/20k/19059/133928486/19059_STN150203_L_IMG_00_0000_max_476x317.jpeg","https://www.rightmove.co.uk/properties/133928486#/?channel=RES_LET"
90,"The Grainstore, Western Gateway, E16","*7th floor with balcony* A spacious split level warehouse conversion with concierge, ideally located in close proximity to Custom House DLR and Elizabeth Line. Featuring two double bedrooms, one on each floor, open plan reception with double height vaulted ceiling to the reception area. Furnished.","£2,000 pcm",,"https://media.rightmove.co.uk:443/dir/crop/10:9-16:9/219k/218600/133928039/218600_af3fadc1-97f0-4096-90a0-6b9922106e0f_IMG_00_0000_max_476x317.jpeg","https://media.rightmove.co.uk:443/dir/crop/10:9-16:9/219k/218600/133928039/218600_af3fadc1-97f0-4096-90a0-6b9922106e0f_IMG_00_0000_max_476x317.jpeg","https://media.rightmove.co.uk:443/dir/crop/10:9-16:9/219k/218600/133928039/218600_af3fadc1-97f0-4096-90a0-6b9922106e0f_IMG_00_0000_max_476x317.jpeg","https://www.rightmove.co.uk/properties/133928039#/?channel=RES_LET"
91,"Scrubs Lane, Willesden Junction, NW10","Delightful two double bedroom top floor apartment located just off Harrow Road. The property is in very good condition throughout. The apartment offers a large reception with wood floors, open plan fully fitted modern kitchen, two double bedrooms and a three piece bathroom with a shower and bath....","£1,746 pcm",,"https://media.rightmove.co.uk:443/dir/crop/10:9-16:9/64k/63858/133924463/63858_ABAC_008198_IMG_00_0000_max_476x317.jpeg","https://media.rightmove.co.uk:443/dir/crop/10:9-16:9/64k/63858/133924463/63858_ABAC_008198_IMG_02_0000_max_476x317.jpeg","https://media.rightmove.co.uk:443/dir/crop/10:9-16:9/64k/63858/133924463/63858_ABAC_008198_IMG_00_0000_max_476x317.jpeg","https://www.rightmove.co.uk/properties/133924463#/?channel=RES_LET"
92,"Gladstone Road London SW19","Zero deposit - A neutrally decorated property with two double bedrooms to rent within easy reach of Wimbledon station. Benefiting from a spacious eat-in kitchen and large reception room.","£2,000 pcm",,"https://media.rightmove.co.uk:443/dir/crop/10:9-16:9/59k/58000/133923206/58000_P213677_IMG_00_0000_max_476x317.jpeg","https://media.rightmove.co.uk:443/dir/crop/10:9-16:9/59k/58000/133923206/58000_P213677_IMG_00_0000_max_476x317.jpeg","https://media.rightmove.co.uk:443/dir/crop/10:9-16:9/59k/58000/133923206/58000_P213677_IMG_00_0000_max_476x317.jpeg","https://www.rightmove.co.uk/properties/133923206#/?channel=RES_LET"
93,"Lacy Road, Putney, SW15","Having been refurbished to the highest possible standard this larger than average purpose-built apartment is presented in excellent condition throughout. Set along the ever-popular Lacy Road which is surrounded by great bars and restaurants, Putney Train Station and Putney Bridge Tube Station are...","£2,000 pcm",,"https://media.rightmove.co.uk:443/dir/crop/10:9-16:9/13k/12692/133922417/12692_PTL160127_L_IMG_00_0000_max_476x317.jpeg","https://media.rightmove.co.uk:443/dir/crop/10:9-16:9/13k/12692/133922417/12692_PTL160127_L_IMG_00_0000_max_476x317.jpeg","https://media.rightmove.co.uk:443/dir/crop/10:9-16:9/13k/12692/133922417/12692_PTL160127_L_IMG_00_0000_max_476x317.jpeg","https://www.rightmove.co.uk/properties/133922417#/?channel=RES_LET"
94,"East Dulwich Road, London SE22","Well presented two bed two bath second floor apartment located opposite Goose Green within short walking distance to Lordship Lane, and East Dulwich and Peckham Rye Train Stations. Comprising of two double bedrooms, two bathrooms, a large open plan kitchen-living space and a private balcony...","£2,000 pcm",,"https://media.rightmove.co.uk:443/dir/crop/10:9-16:9/84k/83579/133922030/83579_6192519_IMG_00_0000_max_476x317.jpeg","https://media.rightmove.co.uk:443/dir/crop/10:9-16:9/84k/83579/133922030/83579_6192519_IMG_00_0000_max_476x317.jpeg","https://media.rightmove.co.uk:443/dir/crop/10:9-16:9/84k/83579/133922030/83579_6192519_IMG_00_0000_max_476x317.jpeg","https://www.rightmove.co.uk/properties/133922030#/?channel=RES_LET"
95,"Birnam Road, London","A two bedroom property in a period conversion on Birnam Road. This apartment has two good sized bedrooms, a separate living area and a galley kitchen. The property comes with period features such as a fireplace and sash windows.","£1,907 pcm",,"https://media.rightmove.co.uk:443/dir/crop/10:9-16:9/4k/3355/133921481/3355_32270340_IMG_00_0000_max_476x317.jpeg","https://media.rightmove.co.uk:443/dir/crop/10:9-16:9/4k/3355/133921481/3355_32270340_IMG_00_0000_max_476x317.jpeg","https://media.rightmove.co.uk:443/dir/crop/10:9-16:9/4k/3355/133921481/3355_32270340_IMG_00_0000_max_476x317.jpeg","https://www.rightmove.co.uk/properties/133921481#/?channel=RES_LET"
96,"Gilbey Road, London, SW17","We are proud to offer this delightful 2 bedroom, 1 bathroom flat in a great location. Available to move in from 20 May 2023, this property benefits from garden access. Property is offered furnish... ** Property Reference: 1364725 **","£1,999 pcm",,"https://media.rightmove.co.uk:443/dir/crop/10:9-16:9/97k/96668/133921373/96668_136472511042022_IMG_00_0000_max_476x317.jpeg","https://media.rightmove.co.uk:443/dir/crop/10:9-16:9/97k/96668/133921373/96668_136472511042022_IMG_00_0000_max_476x317.jpeg","https://media.rightmove.co.uk:443/dir/crop/10:9-16:9/97k/96668/133921373/96668_136472511042022_IMG_00_0000_max_476x317.jpeg","https://www.rightmove.co.uk/properties/133921373#/?channel=RES_LET"
97,"Ascalon Street, SW8","**NO DEPOSIT OPTION AVAILABLE** SHORT LET ONLY - Two Bedroom apartment","£1,950 pcm","https://media.rightmove.co.uk:443/dir/crop/10:9-16:9/12k/11427/120419834/11427_0405_HRT040502411_IMG_00_0000_max_476x317.jpeg",,,"https://media.rightmove.co.uk:443/dir/crop/10:9-16:9/12k/11427/120419834/11427_0405_HRT040502411_IMG_00_0000_max_476x317.jpeg","https://www.rightmove.co.uk/properties/120419834#/?channel=RES_LET"
98,"Gleneagle Road, Streatham, SW16","This stunning two double bedroom spilt level Victorian conversion flat comprises a spacious living room, a fully fitted kitchen, a white bathroom suite and two spacious bedrooms. Further benefits include wooden flooring and a private rear garden. The property is located on a popular re...","£1,650 pcm",,"https://media.rightmove.co.uk:443/dir/crop/10:9-16:9/13k/12694/133920302/12694_SML140380_L_IMG_00_0000_max_476x317.jpeg","https://media.rightmove.co.uk:443/dir/crop/10:9-16:9/13k/12694/133920302/12694_SML140380_L_IMG_00_0000_max_476x317.jpeg","https://media.rightmove.co.uk:443/dir/crop/10:9-16:9/13k/12694/133920302/12694_SML140380_L_IMG_00_0000_max_476x317.jpeg","https://www.rightmove.co.uk/properties/133920302#/?channel=RES_LET"
99,"Brettenham Road, London","Available Now - Unfurnished - Two Double Bedrooms - Immaculate Condition - Modern Kitchen - Modern Bathroom - Private Section of rear Garden - Lloyd Park Location - 0.9 Miles to Walthamstow Central - Gas Central Heating","£1,700 pcm","https://media.rightmove.co.uk:443/dir/crop/10:9-16:9/11k/10145/133920269/10145_32270266_IMG_00_0000_max_476x317.jpeg",,,,"https://www.rightmove.co.uk/properties/133920269#/?channel=RES_LET"
100,"Seymour Road, Leyton","A truly stunningly Two Bedroom Warner Property","£1,700 pcm",,"https://media.rightmove.co.uk:443/dir/crop/10:9-16:9/106k/105577/133919870/105577_400_IMG_00_0000_max_476x317.jpeg","https://media.rightmove.co.uk:443/dir/crop/10:9-16:9/106k/105577/133919870/105577_400_IMG_00_0000_max_476x317.jpeg","https://media.rightmove.co.uk:443/dir/crop/10:9-16:9/106k/105577/133919870/105577_400_IMG_00_0000_max_476x317.jpeg","https://www.rightmove.co.uk/properties/133919870#/?channel=RES_LET"
